{
  "project_info": {
    "project_number": "13336672486",
    "project_id": "axcelhybrid",
    "storage_bucket": "axcelhybrid.appspot.com"
  },
  "client": [
    {
      "client_info": {
        "mobilesdk_app_id": "1:13336672486:android:226a5be865618c3ab52327",
        "android_client_info": {
          "package_name": "com.mynew1212"
        }
      },
      "oauth_client": [],
      "api_key": [
        {
          "current_key": "AIzaSyCeTXkzB9Polna6HfilQTEihmga_rUYG_I"
        }
      ],
      "services": {
        "appinvite_service": {
          "other_platform_oauth_client": []
        }
      }
    }
  ],
  "configuration_version": "1"
}